"recipient_id","iteration","question_id","question","definition_1","answer"
24,"Spring 2022","participation1","Please indicate which of the following workshops and events you have attended. Select all that apply. Workshop 1: Overview of Science Communication ","Yes",1
24,"Spring 2022","participation2","Please indicate which of the following workshops and events you have attended. Select all that apply. Workshop 2: Online Science Communication and Social Media.","Yes",1
24,"Spring 2022","participation3"," Please indicate which of the following workshops and events you have attended. Select all that apply. Workshop 3: Informal Science Learning / Eight-Legged Encounters.","Yes",1
24,"Spring 2022","participation4","Please indicate which of the following workshops and events you have attended. Select all that apply. Workshop 4: After School Clubs and Working with Youth (NOT OFFERED IN SPRING 2023).","Yes",1
24,"Spring 2022","participation5","Please indicate which of the following workshops and events you have attended. Select all that apply. Eight-Legged Encounters Event.","Yes",1
47,"Spring 2022","participation1","Please indicate which of the following workshops and events you have attended. Select all that apply. Workshop 1: Overview of Science Communication ","Yes",1
47,"Spring 2022","participation2","Please indicate which of the following workshops and events you have attended. Select all that apply. Workshop 2: Online Science Communication and Social Media.","Yes",1
47,"Spring 2022","participation3"," Please indicate which of the following workshops and events you have attended. Select all that apply. Workshop 3: Informal Science Learning / Eight-Legged Encounters.","Yes",1
47,"Spring 2022","participation4","Please indicate which of the following workshops and events you have attended. Select all that apply. Workshop 4: After School Clubs and Working with Youth (NOT OFFERED IN SPRING 2023).","Yes",1
47,"Spring 2022","participation5","Please indicate which of the following workshops and events you have attended. Select all that apply. Eight-Legged Encounters Event.","Yes",NULL
74,"Spring 2022","participation1","Please indicate which of the following workshops and events you have attended. Select all that apply. Workshop 1: Overview of Science Communication ","Yes",1
74,"Spring 2022","participation2","Please indicate which of the following workshops and events you have attended. Select all that apply. Workshop 2: Online Science Communication and Social Media.","Yes",1
74,"Spring 2022","participation3"," Please indicate which of the following workshops and events you have attended. Select all that apply. Workshop 3: Informal Science Learning / Eight-Legged Encounters.","Yes",1
74,"Spring 2022","participation4","Please indicate which of the following workshops and events you have attended. Select all that apply. Workshop 4: After School Clubs and Working with Youth (NOT OFFERED IN SPRING 2023).","Yes",1
74,"Spring 2022","participation5","Please indicate which of the following workshops and events you have attended. Select all that apply. Eight-Legged Encounters Event.","Yes",1
68,"Spring 2022","participation1","Please indicate which of the following workshops and events you have attended. Select all that apply. Workshop 1: Overview of Science Communication ","Yes",1
68,"Spring 2022","participation2","Please indicate which of the following workshops and events you have attended. Select all that apply. Workshop 2: Online Science Communication and Social Media.","Yes",1
68,"Spring 2022","participation3"," Please indicate which of the following workshops and events you have attended. Select all that apply. Workshop 3: Informal Science Learning / Eight-Legged Encounters.","Yes",1
68,"Spring 2022","participation4","Please indicate which of the following workshops and events you have attended. Select all that apply. Workshop 4: After School Clubs and Working with Youth (NOT OFFERED IN SPRING 2023).","Yes",1
68,"Spring 2022","participation5","Please indicate which of the following workshops and events you have attended. Select all that apply. Eight-Legged Encounters Event.","Yes",1
58,"Spring 2022","participation1","Please indicate which of the following workshops and events you have attended. Select all that apply. Workshop 1: Overview of Science Communication ","Yes",1
58,"Spring 2022","participation2","Please indicate which of the following workshops and events you have attended. Select all that apply. Workshop 2: Online Science Communication and Social Media.","Yes",1
58,"Spring 2022","participation3"," Please indicate which of the following workshops and events you have attended. Select all that apply. Workshop 3: Informal Science Learning / Eight-Legged Encounters.","Yes",1
58,"Spring 2022","participation4","Please indicate which of the following workshops and events you have attended. Select all that apply. Workshop 4: After School Clubs and Working with Youth (NOT OFFERED IN SPRING 2023).","Yes",1
58,"Spring 2022","participation5","Please indicate which of the following workshops and events you have attended. Select all that apply. Eight-Legged Encounters Event.","Yes",1
26,"Spring 2022","participation1","Please indicate which of the following workshops and events you have attended. Select all that apply. Workshop 1: Overview of Science Communication ","Yes",1
26,"Spring 2022","participation2","Please indicate which of the following workshops and events you have attended. Select all that apply. Workshop 2: Online Science Communication and Social Media.","Yes",1
26,"Spring 2022","participation3"," Please indicate which of the following workshops and events you have attended. Select all that apply. Workshop 3: Informal Science Learning / Eight-Legged Encounters.","Yes",1
26,"Spring 2022","participation4","Please indicate which of the following workshops and events you have attended. Select all that apply. Workshop 4: After School Clubs and Working with Youth (NOT OFFERED IN SPRING 2023).","Yes",1
26,"Spring 2022","participation5","Please indicate which of the following workshops and events you have attended. Select all that apply. Eight-Legged Encounters Event.","Yes",1
57,"Spring 2022","participation1","Please indicate which of the following workshops and events you have attended. Select all that apply. Workshop 1: Overview of Science Communication ","Yes",1
57,"Spring 2022","participation2","Please indicate which of the following workshops and events you have attended. Select all that apply. Workshop 2: Online Science Communication and Social Media.","Yes",1
57,"Spring 2022","participation3"," Please indicate which of the following workshops and events you have attended. Select all that apply. Workshop 3: Informal Science Learning / Eight-Legged Encounters.","Yes",1
57,"Spring 2022","participation4","Please indicate which of the following workshops and events you have attended. Select all that apply. Workshop 4: After School Clubs and Working with Youth (NOT OFFERED IN SPRING 2023).","Yes",1
57,"Spring 2022","participation5","Please indicate which of the following workshops and events you have attended. Select all that apply. Eight-Legged Encounters Event.","Yes",1
61,"Spring 2022","participation1","Please indicate which of the following workshops and events you have attended. Select all that apply. Workshop 1: Overview of Science Communication ","Yes",1
61,"Spring 2022","participation2","Please indicate which of the following workshops and events you have attended. Select all that apply. Workshop 2: Online Science Communication and Social Media.","Yes",1
61,"Spring 2022","participation3"," Please indicate which of the following workshops and events you have attended. Select all that apply. Workshop 3: Informal Science Learning / Eight-Legged Encounters.","Yes",1
61,"Spring 2022","participation4","Please indicate which of the following workshops and events you have attended. Select all that apply. Workshop 4: After School Clubs and Working with Youth (NOT OFFERED IN SPRING 2023).","Yes",1
61,"Spring 2022","participation5","Please indicate which of the following workshops and events you have attended. Select all that apply. Eight-Legged Encounters Event.","Yes",1
5,"Spring 2022","participation1","Please indicate which of the following workshops and events you have attended. Select all that apply. Workshop 1: Overview of Science Communication ","Yes",1
5,"Spring 2022","participation2","Please indicate which of the following workshops and events you have attended. Select all that apply. Workshop 2: Online Science Communication and Social Media.","Yes",1
5,"Spring 2022","participation3"," Please indicate which of the following workshops and events you have attended. Select all that apply. Workshop 3: Informal Science Learning / Eight-Legged Encounters.","Yes",1
5,"Spring 2022","participation4","Please indicate which of the following workshops and events you have attended. Select all that apply. Workshop 4: After School Clubs and Working with Youth (NOT OFFERED IN SPRING 2023).","Yes",1
5,"Spring 2022","participation5","Please indicate which of the following workshops and events you have attended. Select all that apply. Eight-Legged Encounters Event.","Yes",1
31,"Spring 2022","participation1","Please indicate which of the following workshops and events you have attended. Select all that apply. Workshop 1: Overview of Science Communication ","Yes",1
31,"Spring 2022","participation2","Please indicate which of the following workshops and events you have attended. Select all that apply. Workshop 2: Online Science Communication and Social Media.","Yes",1
31,"Spring 2022","participation3"," Please indicate which of the following workshops and events you have attended. Select all that apply. Workshop 3: Informal Science Learning / Eight-Legged Encounters.","Yes",1
31,"Spring 2022","participation4","Please indicate which of the following workshops and events you have attended. Select all that apply. Workshop 4: After School Clubs and Working with Youth (NOT OFFERED IN SPRING 2023).","Yes",1
31,"Spring 2022","participation5","Please indicate which of the following workshops and events you have attended. Select all that apply. Eight-Legged Encounters Event.","Yes",NULL
40,"Spring 2022","participation1","Please indicate which of the following workshops and events you have attended. Select all that apply. Workshop 1: Overview of Science Communication ","Yes",1
40,"Spring 2022","participation2","Please indicate which of the following workshops and events you have attended. Select all that apply. Workshop 2: Online Science Communication and Social Media.","Yes",1
40,"Spring 2022","participation3"," Please indicate which of the following workshops and events you have attended. Select all that apply. Workshop 3: Informal Science Learning / Eight-Legged Encounters.","Yes",1
40,"Spring 2022","participation4","Please indicate which of the following workshops and events you have attended. Select all that apply. Workshop 4: After School Clubs and Working with Youth (NOT OFFERED IN SPRING 2023).","Yes",1
40,"Spring 2022","participation5","Please indicate which of the following workshops and events you have attended. Select all that apply. Eight-Legged Encounters Event.","Yes",1
36,"All","participation1","Please indicate which of the following workshops and events you have attended. Select all that apply. Workshop 1: Overview of Science Communication ","Yes",1
36,"All","participation2","Please indicate which of the following workshops and events you have attended. Select all that apply. Workshop 2: Online Science Communication and Social Media.","Yes",1
36,"All","participation3"," Please indicate which of the following workshops and events you have attended. Select all that apply. Workshop 3: Informal Science Learning / Eight-Legged Encounters.","Yes",1
36,"All","participation4","Please indicate which of the following workshops and events you have attended. Select all that apply. Workshop 4: After School Clubs and Working with Youth (NOT OFFERED IN SPRING 2023).","Yes",1
36,"All","participation5","Please indicate which of the following workshops and events you have attended. Select all that apply. Eight-Legged Encounters Event.","Yes",1
71,"Spring 2022","participation1","Please indicate which of the following workshops and events you have attended. Select all that apply. Workshop 1: Overview of Science Communication ","Yes",1
71,"Spring 2022","participation2","Please indicate which of the following workshops and events you have attended. Select all that apply. Workshop 2: Online Science Communication and Social Media.","Yes",1
71,"Spring 2022","participation3"," Please indicate which of the following workshops and events you have attended. Select all that apply. Workshop 3: Informal Science Learning / Eight-Legged Encounters.","Yes",1
71,"Spring 2022","participation4","Please indicate which of the following workshops and events you have attended. Select all that apply. Workshop 4: After School Clubs and Working with Youth (NOT OFFERED IN SPRING 2023).","Yes",1
71,"Spring 2022","participation5","Please indicate which of the following workshops and events you have attended. Select all that apply. Eight-Legged Encounters Event.","Yes",1
48,"Spring 2022","participation1","Please indicate which of the following workshops and events you have attended. Select all that apply. Workshop 1: Overview of Science Communication ","Yes",1
48,"Spring 2022","participation2","Please indicate which of the following workshops and events you have attended. Select all that apply. Workshop 2: Online Science Communication and Social Media.","Yes",1
48,"Spring 2022","participation3"," Please indicate which of the following workshops and events you have attended. Select all that apply. Workshop 3: Informal Science Learning / Eight-Legged Encounters.","Yes",1
48,"Spring 2022","participation4","Please indicate which of the following workshops and events you have attended. Select all that apply. Workshop 4: After School Clubs and Working with Youth (NOT OFFERED IN SPRING 2023).","Yes",1
48,"Spring 2022","participation5","Please indicate which of the following workshops and events you have attended. Select all that apply. Eight-Legged Encounters Event.","Yes",NULL
1,"Spring 2022","participation1","Please indicate which of the following workshops and events you have attended. Select all that apply. Workshop 1: Overview of Science Communication ","Yes",1
1,"Spring 2022","participation2","Please indicate which of the following workshops and events you have attended. Select all that apply. Workshop 2: Online Science Communication and Social Media.","Yes",1
1,"Spring 2022","participation3"," Please indicate which of the following workshops and events you have attended. Select all that apply. Workshop 3: Informal Science Learning / Eight-Legged Encounters.","Yes",1
1,"Spring 2022","participation4","Please indicate which of the following workshops and events you have attended. Select all that apply. Workshop 4: After School Clubs and Working with Youth (NOT OFFERED IN SPRING 2023).","Yes",NULL
1,"Spring 2022","participation5","Please indicate which of the following workshops and events you have attended. Select all that apply. Eight-Legged Encounters Event.","Yes",1
32,"Spring 2022","participation1","Please indicate which of the following workshops and events you have attended. Select all that apply. Workshop 1: Overview of Science Communication ","Yes",1
32,"Spring 2022","participation2","Please indicate which of the following workshops and events you have attended. Select all that apply. Workshop 2: Online Science Communication and Social Media.","Yes",1
32,"Spring 2022","participation3"," Please indicate which of the following workshops and events you have attended. Select all that apply. Workshop 3: Informal Science Learning / Eight-Legged Encounters.","Yes",1
32,"Spring 2022","participation4","Please indicate which of the following workshops and events you have attended. Select all that apply. Workshop 4: After School Clubs and Working with Youth (NOT OFFERED IN SPRING 2023).","Yes",NULL
32,"Spring 2022","participation5","Please indicate which of the following workshops and events you have attended. Select all that apply. Eight-Legged Encounters Event.","Yes",1
44,"Spring 2022","participation1","Please indicate which of the following workshops and events you have attended. Select all that apply. Workshop 1: Overview of Science Communication ","Yes",1
44,"Spring 2022","participation2","Please indicate which of the following workshops and events you have attended. Select all that apply. Workshop 2: Online Science Communication and Social Media.","Yes",1
44,"Spring 2022","participation3"," Please indicate which of the following workshops and events you have attended. Select all that apply. Workshop 3: Informal Science Learning / Eight-Legged Encounters.","Yes",NULL
44,"Spring 2022","participation4","Please indicate which of the following workshops and events you have attended. Select all that apply. Workshop 4: After School Clubs and Working with Youth (NOT OFFERED IN SPRING 2023).","Yes",1
44,"Spring 2022","participation5","Please indicate which of the following workshops and events you have attended. Select all that apply. Eight-Legged Encounters Event.","Yes",NULL
73,"Spring 2022","participation1","Please indicate which of the following workshops and events you have attended. Select all that apply. Workshop 1: Overview of Science Communication ","Yes",1
73,"Spring 2022","participation2","Please indicate which of the following workshops and events you have attended. Select all that apply. Workshop 2: Online Science Communication and Social Media.","Yes",1
73,"Spring 2022","participation3"," Please indicate which of the following workshops and events you have attended. Select all that apply. Workshop 3: Informal Science Learning / Eight-Legged Encounters.","Yes",1
73,"Spring 2022","participation4","Please indicate which of the following workshops and events you have attended. Select all that apply. Workshop 4: After School Clubs and Working with Youth (NOT OFFERED IN SPRING 2023).","Yes",1
73,"Spring 2022","participation5","Please indicate which of the following workshops and events you have attended. Select all that apply. Eight-Legged Encounters Event.","Yes",1
60,"Spring 2022","participation1","Please indicate which of the following workshops and events you have attended. Select all that apply. Workshop 1: Overview of Science Communication ","Yes",1
60,"Spring 2022","participation2","Please indicate which of the following workshops and events you have attended. Select all that apply. Workshop 2: Online Science Communication and Social Media.","Yes",1
60,"Spring 2022","participation3"," Please indicate which of the following workshops and events you have attended. Select all that apply. Workshop 3: Informal Science Learning / Eight-Legged Encounters.","Yes",1
60,"Spring 2022","participation4","Please indicate which of the following workshops and events you have attended. Select all that apply. Workshop 4: After School Clubs and Working with Youth (NOT OFFERED IN SPRING 2023).","Yes",1
60,"Spring 2022","participation5","Please indicate which of the following workshops and events you have attended. Select all that apply. Eight-Legged Encounters Event.","Yes",NULL
66,"Spring 2022","participation1","Please indicate which of the following workshops and events you have attended. Select all that apply. Workshop 1: Overview of Science Communication ","Yes",1
66,"Spring 2022","participation2","Please indicate which of the following workshops and events you have attended. Select all that apply. Workshop 2: Online Science Communication and Social Media.","Yes",1
66,"Spring 2022","participation3"," Please indicate which of the following workshops and events you have attended. Select all that apply. Workshop 3: Informal Science Learning / Eight-Legged Encounters.","Yes",1
66,"Spring 2022","participation4","Please indicate which of the following workshops and events you have attended. Select all that apply. Workshop 4: After School Clubs and Working with Youth (NOT OFFERED IN SPRING 2023).","Yes",1
66,"Spring 2022","participation5","Please indicate which of the following workshops and events you have attended. Select all that apply. Eight-Legged Encounters Event.","Yes",NULL
49,"Spring 2022","participation1","Please indicate which of the following workshops and events you have attended. Select all that apply. Workshop 1: Overview of Science Communication ","Yes",1
49,"Spring 2022","participation2","Please indicate which of the following workshops and events you have attended. Select all that apply. Workshop 2: Online Science Communication and Social Media.","Yes",1
49,"Spring 2022","participation3"," Please indicate which of the following workshops and events you have attended. Select all that apply. Workshop 3: Informal Science Learning / Eight-Legged Encounters.","Yes",1
49,"Spring 2022","participation4","Please indicate which of the following workshops and events you have attended. Select all that apply. Workshop 4: After School Clubs and Working with Youth (NOT OFFERED IN SPRING 2023).","Yes",1
49,"Spring 2022","participation5","Please indicate which of the following workshops and events you have attended. Select all that apply. Eight-Legged Encounters Event.","Yes",NULL
38,"Spring 2022","participation1","Please indicate which of the following workshops and events you have attended. Select all that apply. Workshop 1: Overview of Science Communication ","Yes",1
38,"Spring 2022","participation2","Please indicate which of the following workshops and events you have attended. Select all that apply. Workshop 2: Online Science Communication and Social Media.","Yes",1
38,"Spring 2022","participation3"," Please indicate which of the following workshops and events you have attended. Select all that apply. Workshop 3: Informal Science Learning / Eight-Legged Encounters.","Yes",1
38,"Spring 2022","participation4","Please indicate which of the following workshops and events you have attended. Select all that apply. Workshop 4: After School Clubs and Working with Youth (NOT OFFERED IN SPRING 2023).","Yes",1
38,"Spring 2022","participation5","Please indicate which of the following workshops and events you have attended. Select all that apply. Eight-Legged Encounters Event.","Yes",1
54,"Spring 2022","participation1","Please indicate which of the following workshops and events you have attended. Select all that apply. Workshop 1: Overview of Science Communication ","Yes",1
54,"Spring 2022","participation2","Please indicate which of the following workshops and events you have attended. Select all that apply. Workshop 2: Online Science Communication and Social Media.","Yes",1
54,"Spring 2022","participation3"," Please indicate which of the following workshops and events you have attended. Select all that apply. Workshop 3: Informal Science Learning / Eight-Legged Encounters.","Yes",1
54,"Spring 2022","participation4","Please indicate which of the following workshops and events you have attended. Select all that apply. Workshop 4: After School Clubs and Working with Youth (NOT OFFERED IN SPRING 2023).","Yes",1
54,"Spring 2022","participation5","Please indicate which of the following workshops and events you have attended. Select all that apply. Eight-Legged Encounters Event.","Yes",1
53,"Spring 2022","participation1","Please indicate which of the following workshops and events you have attended. Select all that apply. Workshop 1: Overview of Science Communication ","Yes",1
53,"Spring 2022","participation2","Please indicate which of the following workshops and events you have attended. Select all that apply. Workshop 2: Online Science Communication and Social Media.","Yes",1
53,"Spring 2022","participation3"," Please indicate which of the following workshops and events you have attended. Select all that apply. Workshop 3: Informal Science Learning / Eight-Legged Encounters.","Yes",1
53,"Spring 2022","participation4","Please indicate which of the following workshops and events you have attended. Select all that apply. Workshop 4: After School Clubs and Working with Youth (NOT OFFERED IN SPRING 2023).","Yes",1
53,"Spring 2022","participation5","Please indicate which of the following workshops and events you have attended. Select all that apply. Eight-Legged Encounters Event.","Yes",1
55,"Spring 2022","participation1","Please indicate which of the following workshops and events you have attended. Select all that apply. Workshop 1: Overview of Science Communication ","Yes",1
55,"Spring 2022","participation2","Please indicate which of the following workshops and events you have attended. Select all that apply. Workshop 2: Online Science Communication and Social Media.","Yes",1
55,"Spring 2022","participation3"," Please indicate which of the following workshops and events you have attended. Select all that apply. Workshop 3: Informal Science Learning / Eight-Legged Encounters.","Yes",1
55,"Spring 2022","participation4","Please indicate which of the following workshops and events you have attended. Select all that apply. Workshop 4: After School Clubs and Working with Youth (NOT OFFERED IN SPRING 2023).","Yes",1
55,"Spring 2022","participation5","Please indicate which of the following workshops and events you have attended. Select all that apply. Eight-Legged Encounters Event.","Yes",1
45,"Spring 2022","participation1","Please indicate which of the following workshops and events you have attended. Select all that apply. Workshop 1: Overview of Science Communication ","Yes",1
45,"Spring 2022","participation2","Please indicate which of the following workshops and events you have attended. Select all that apply. Workshop 2: Online Science Communication and Social Media.","Yes",1
45,"Spring 2022","participation3"," Please indicate which of the following workshops and events you have attended. Select all that apply. Workshop 3: Informal Science Learning / Eight-Legged Encounters.","Yes",1
45,"Spring 2022","participation4","Please indicate which of the following workshops and events you have attended. Select all that apply. Workshop 4: After School Clubs and Working with Youth (NOT OFFERED IN SPRING 2023).","Yes",1
45,"Spring 2022","participation5","Please indicate which of the following workshops and events you have attended. Select all that apply. Eight-Legged Encounters Event.","Yes",1
90,"Spring 2022","participation1","Please indicate which of the following workshops and events you have attended. Select all that apply. Workshop 1: Overview of Science Communication ","Yes",1
90,"Spring 2022","participation2","Please indicate which of the following workshops and events you have attended. Select all that apply. Workshop 2: Online Science Communication and Social Media.","Yes",1
90,"Spring 2022","participation3"," Please indicate which of the following workshops and events you have attended. Select all that apply. Workshop 3: Informal Science Learning / Eight-Legged Encounters.","Yes",1
90,"Spring 2022","participation4","Please indicate which of the following workshops and events you have attended. Select all that apply. Workshop 4: After School Clubs and Working with Youth (NOT OFFERED IN SPRING 2023).","Yes",1
90,"Spring 2022","participation5","Please indicate which of the following workshops and events you have attended. Select all that apply. Eight-Legged Encounters Event.","Yes",1
65,"Spring 2022","participation1","Please indicate which of the following workshops and events you have attended. Select all that apply. Workshop 1: Overview of Science Communication ","Yes",1
65,"Spring 2022","participation2","Please indicate which of the following workshops and events you have attended. Select all that apply. Workshop 2: Online Science Communication and Social Media.","Yes",1
65,"Spring 2022","participation3"," Please indicate which of the following workshops and events you have attended. Select all that apply. Workshop 3: Informal Science Learning / Eight-Legged Encounters.","Yes",1
65,"Spring 2022","participation4","Please indicate which of the following workshops and events you have attended. Select all that apply. Workshop 4: After School Clubs and Working with Youth (NOT OFFERED IN SPRING 2023).","Yes",1
65,"Spring 2022","participation5","Please indicate which of the following workshops and events you have attended. Select all that apply. Eight-Legged Encounters Event.","Yes",NULL
87,"Spring 2022","participation1","Please indicate which of the following workshops and events you have attended. Select all that apply. Workshop 1: Overview of Science Communication ","Yes",1
87,"Spring 2022","participation2","Please indicate which of the following workshops and events you have attended. Select all that apply. Workshop 2: Online Science Communication and Social Media.","Yes",1
87,"Spring 2022","participation3"," Please indicate which of the following workshops and events you have attended. Select all that apply. Workshop 3: Informal Science Learning / Eight-Legged Encounters.","Yes",1
87,"Spring 2022","participation4","Please indicate which of the following workshops and events you have attended. Select all that apply. Workshop 4: After School Clubs and Working with Youth (NOT OFFERED IN SPRING 2023).","Yes",NULL
87,"Spring 2022","participation5","Please indicate which of the following workshops and events you have attended. Select all that apply. Eight-Legged Encounters Event.","Yes",NULL
43,"Spring 2022","participation1","Please indicate which of the following workshops and events you have attended. Select all that apply. Workshop 1: Overview of Science Communication ","Yes",1
43,"Spring 2022","participation2","Please indicate which of the following workshops and events you have attended. Select all that apply. Workshop 2: Online Science Communication and Social Media.","Yes",1
43,"Spring 2022","participation3"," Please indicate which of the following workshops and events you have attended. Select all that apply. Workshop 3: Informal Science Learning / Eight-Legged Encounters.","Yes",1
43,"Spring 2022","participation4","Please indicate which of the following workshops and events you have attended. Select all that apply. Workshop 4: After School Clubs and Working with Youth (NOT OFFERED IN SPRING 2023).","Yes",1
43,"Spring 2022","participation5","Please indicate which of the following workshops and events you have attended. Select all that apply. Eight-Legged Encounters Event.","Yes",NULL
62,"Spring 2022","participation1","Please indicate which of the following workshops and events you have attended. Select all that apply. Workshop 1: Overview of Science Communication ","Yes",1
62,"Spring 2022","participation2","Please indicate which of the following workshops and events you have attended. Select all that apply. Workshop 2: Online Science Communication and Social Media.","Yes",1
62,"Spring 2022","participation3"," Please indicate which of the following workshops and events you have attended. Select all that apply. Workshop 3: Informal Science Learning / Eight-Legged Encounters.","Yes",1
62,"Spring 2022","participation4","Please indicate which of the following workshops and events you have attended. Select all that apply. Workshop 4: After School Clubs and Working with Youth (NOT OFFERED IN SPRING 2023).","Yes",1
62,"Spring 2022","participation5","Please indicate which of the following workshops and events you have attended. Select all that apply. Eight-Legged Encounters Event.","Yes",NULL
76,"Spring 2022","participation1","Please indicate which of the following workshops and events you have attended. Select all that apply. Workshop 1: Overview of Science Communication ","Yes",1
76,"Spring 2022","participation2","Please indicate which of the following workshops and events you have attended. Select all that apply. Workshop 2: Online Science Communication and Social Media.","Yes",1
76,"Spring 2022","participation3"," Please indicate which of the following workshops and events you have attended. Select all that apply. Workshop 3: Informal Science Learning / Eight-Legged Encounters.","Yes",1
76,"Spring 2022","participation4","Please indicate which of the following workshops and events you have attended. Select all that apply. Workshop 4: After School Clubs and Working with Youth (NOT OFFERED IN SPRING 2023).","Yes",1
76,"Spring 2022","participation5","Please indicate which of the following workshops and events you have attended. Select all that apply. Eight-Legged Encounters Event.","Yes",1
96,"Spring 2022","participation1","Please indicate which of the following workshops and events you have attended. Select all that apply. Workshop 1: Overview of Science Communication ","Yes",1
96,"Spring 2022","participation2","Please indicate which of the following workshops and events you have attended. Select all that apply. Workshop 2: Online Science Communication and Social Media.","Yes",1
96,"Spring 2022","participation3"," Please indicate which of the following workshops and events you have attended. Select all that apply. Workshop 3: Informal Science Learning / Eight-Legged Encounters.","Yes",1
96,"Spring 2022","participation4","Please indicate which of the following workshops and events you have attended. Select all that apply. Workshop 4: After School Clubs and Working with Youth (NOT OFFERED IN SPRING 2023).","Yes",1
96,"Spring 2022","participation5","Please indicate which of the following workshops and events you have attended. Select all that apply. Eight-Legged Encounters Event.","Yes",NULL
103,"Spring 2022","participation1","Please indicate which of the following workshops and events you have attended. Select all that apply. Workshop 1: Overview of Science Communication ","Yes",1
103,"Spring 2022","participation2","Please indicate which of the following workshops and events you have attended. Select all that apply. Workshop 2: Online Science Communication and Social Media.","Yes",1
103,"Spring 2022","participation3"," Please indicate which of the following workshops and events you have attended. Select all that apply. Workshop 3: Informal Science Learning / Eight-Legged Encounters.","Yes",NULL
103,"Spring 2022","participation4","Please indicate which of the following workshops and events you have attended. Select all that apply. Workshop 4: After School Clubs and Working with Youth (NOT OFFERED IN SPRING 2023).","Yes",1
103,"Spring 2022","participation5","Please indicate which of the following workshops and events you have attended. Select all that apply. Eight-Legged Encounters Event.","Yes",NULL
83,"Spring 2022","participation1","Please indicate which of the following workshops and events you have attended. Select all that apply. Workshop 1: Overview of Science Communication ","Yes",1
83,"Spring 2022","participation2","Please indicate which of the following workshops and events you have attended. Select all that apply. Workshop 2: Online Science Communication and Social Media.","Yes",1
83,"Spring 2022","participation3"," Please indicate which of the following workshops and events you have attended. Select all that apply. Workshop 3: Informal Science Learning / Eight-Legged Encounters.","Yes",1
83,"Spring 2022","participation4","Please indicate which of the following workshops and events you have attended. Select all that apply. Workshop 4: After School Clubs and Working with Youth (NOT OFFERED IN SPRING 2023).","Yes",1
83,"Spring 2022","participation5","Please indicate which of the following workshops and events you have attended. Select all that apply. Eight-Legged Encounters Event.","Yes",1
27,"Spring 2022","participation1","Please indicate which of the following workshops and events you have attended. Select all that apply. Workshop 1: Overview of Science Communication ","Yes",1
27,"Spring 2022","participation2","Please indicate which of the following workshops and events you have attended. Select all that apply. Workshop 2: Online Science Communication and Social Media.","Yes",1
27,"Spring 2022","participation3"," Please indicate which of the following workshops and events you have attended. Select all that apply. Workshop 3: Informal Science Learning / Eight-Legged Encounters.","Yes",1
27,"Spring 2022","participation4","Please indicate which of the following workshops and events you have attended. Select all that apply. Workshop 4: After School Clubs and Working with Youth (NOT OFFERED IN SPRING 2023).","Yes",1
27,"Spring 2022","participation5","Please indicate which of the following workshops and events you have attended. Select all that apply. Eight-Legged Encounters Event.","Yes",NULL
85,"Spring 2022","participation1","Please indicate which of the following workshops and events you have attended. Select all that apply. Workshop 1: Overview of Science Communication ","Yes",1
85,"Spring 2022","participation2","Please indicate which of the following workshops and events you have attended. Select all that apply. Workshop 2: Online Science Communication and Social Media.","Yes",1
85,"Spring 2022","participation3"," Please indicate which of the following workshops and events you have attended. Select all that apply. Workshop 3: Informal Science Learning / Eight-Legged Encounters.","Yes",1
85,"Spring 2022","participation4","Please indicate which of the following workshops and events you have attended. Select all that apply. Workshop 4: After School Clubs and Working with Youth (NOT OFFERED IN SPRING 2023).","Yes",1
85,"Spring 2022","participation5","Please indicate which of the following workshops and events you have attended. Select all that apply. Eight-Legged Encounters Event.","Yes",NULL
30,"Fall 2022","participation1","Please indicate which of the following workshops and events you have attended. Select all that apply. Workshop 1: Overview of Science Communication ","Yes",1
30,"Fall 2022","participation2","Please indicate which of the following workshops and events you have attended. Select all that apply. Workshop 2: Online Science Communication and Social Media.","Yes",1
30,"Fall 2022","participation3"," Please indicate which of the following workshops and events you have attended. Select all that apply. Workshop 3: Informal Science Learning / Eight-Legged Encounters.","Yes",1
30,"Fall 2022","participation4","Please indicate which of the following workshops and events you have attended. Select all that apply. Workshop 4: After School Clubs and Working with Youth (NOT OFFERED IN SPRING 2023).","Yes",NULL
30,"Fall 2022","participation5","Please indicate which of the following workshops and events you have attended. Select all that apply. Eight-Legged Encounters Event.","Yes",1
81,"Fall 2022","participation1","Please indicate which of the following workshops and events you have attended. Select all that apply. Workshop 1: Overview of Science Communication ","Yes",1
81,"Fall 2022","participation2","Please indicate which of the following workshops and events you have attended. Select all that apply. Workshop 2: Online Science Communication and Social Media.","Yes",1
81,"Fall 2022","participation3"," Please indicate which of the following workshops and events you have attended. Select all that apply. Workshop 3: Informal Science Learning / Eight-Legged Encounters.","Yes",1
81,"Fall 2022","participation4","Please indicate which of the following workshops and events you have attended. Select all that apply. Workshop 4: After School Clubs and Working with Youth (NOT OFFERED IN SPRING 2023).","Yes",NULL
81,"Fall 2022","participation5","Please indicate which of the following workshops and events you have attended. Select all that apply. Eight-Legged Encounters Event.","Yes",1
82,"Fall 2022","participation1","Please indicate which of the following workshops and events you have attended. Select all that apply. Workshop 1: Overview of Science Communication ","Yes",1
82,"Fall 2022","participation2","Please indicate which of the following workshops and events you have attended. Select all that apply. Workshop 2: Online Science Communication and Social Media.","Yes",1
82,"Fall 2022","participation3"," Please indicate which of the following workshops and events you have attended. Select all that apply. Workshop 3: Informal Science Learning / Eight-Legged Encounters.","Yes",1
82,"Fall 2022","participation4","Please indicate which of the following workshops and events you have attended. Select all that apply. Workshop 4: After School Clubs and Working with Youth (NOT OFFERED IN SPRING 2023).","Yes",1
82,"Fall 2022","participation5","Please indicate which of the following workshops and events you have attended. Select all that apply. Eight-Legged Encounters Event.","Yes",1
20,"Fall 2022","participation1","Please indicate which of the following workshops and events you have attended. Select all that apply. Workshop 1: Overview of Science Communication ","Yes",1
20,"Fall 2022","participation2","Please indicate which of the following workshops and events you have attended. Select all that apply. Workshop 2: Online Science Communication and Social Media.","Yes",1
20,"Fall 2022","participation3"," Please indicate which of the following workshops and events you have attended. Select all that apply. Workshop 3: Informal Science Learning / Eight-Legged Encounters.","Yes",1
20,"Fall 2022","participation4","Please indicate which of the following workshops and events you have attended. Select all that apply. Workshop 4: After School Clubs and Working with Youth (NOT OFFERED IN SPRING 2023).","Yes",NULL
20,"Fall 2022","participation5","Please indicate which of the following workshops and events you have attended. Select all that apply. Eight-Legged Encounters Event.","Yes",NULL
18,"Fall 2022","participation1","Please indicate which of the following workshops and events you have attended. Select all that apply. Workshop 1: Overview of Science Communication ","Yes",1
18,"Fall 2022","participation2","Please indicate which of the following workshops and events you have attended. Select all that apply. Workshop 2: Online Science Communication and Social Media.","Yes",1
18,"Fall 2022","participation3"," Please indicate which of the following workshops and events you have attended. Select all that apply. Workshop 3: Informal Science Learning / Eight-Legged Encounters.","Yes",1
18,"Fall 2022","participation4","Please indicate which of the following workshops and events you have attended. Select all that apply. Workshop 4: After School Clubs and Working with Youth (NOT OFFERED IN SPRING 2023).","Yes",NULL
18,"Fall 2022","participation5","Please indicate which of the following workshops and events you have attended. Select all that apply. Eight-Legged Encounters Event.","Yes",1
15,"Fall 2022","participation1","Please indicate which of the following workshops and events you have attended. Select all that apply. Workshop 1: Overview of Science Communication ","Yes",1
15,"Fall 2022","participation2","Please indicate which of the following workshops and events you have attended. Select all that apply. Workshop 2: Online Science Communication and Social Media.","Yes",1
15,"Fall 2022","participation3"," Please indicate which of the following workshops and events you have attended. Select all that apply. Workshop 3: Informal Science Learning / Eight-Legged Encounters.","Yes",1
15,"Fall 2022","participation4","Please indicate which of the following workshops and events you have attended. Select all that apply. Workshop 4: After School Clubs and Working with Youth (NOT OFFERED IN SPRING 2023).","Yes",1
15,"Fall 2022","participation5","Please indicate which of the following workshops and events you have attended. Select all that apply. Eight-Legged Encounters Event.","Yes",1
93,"Fall 2022","participation1","Please indicate which of the following workshops and events you have attended. Select all that apply. Workshop 1: Overview of Science Communication ","Yes",1
93,"Fall 2022","participation2","Please indicate which of the following workshops and events you have attended. Select all that apply. Workshop 2: Online Science Communication and Social Media.","Yes",1
93,"Fall 2022","participation3"," Please indicate which of the following workshops and events you have attended. Select all that apply. Workshop 3: Informal Science Learning / Eight-Legged Encounters.","Yes",1
93,"Fall 2022","participation4","Please indicate which of the following workshops and events you have attended. Select all that apply. Workshop 4: After School Clubs and Working with Youth (NOT OFFERED IN SPRING 2023).","Yes",1
93,"Fall 2022","participation5","Please indicate which of the following workshops and events you have attended. Select all that apply. Eight-Legged Encounters Event.","Yes",1
25,"Fall 2022","participation1","Please indicate which of the following workshops and events you have attended. Select all that apply. Workshop 1: Overview of Science Communication ","Yes",1
25,"Fall 2022","participation2","Please indicate which of the following workshops and events you have attended. Select all that apply. Workshop 2: Online Science Communication and Social Media.","Yes",1
25,"Fall 2022","participation3"," Please indicate which of the following workshops and events you have attended. Select all that apply. Workshop 3: Informal Science Learning / Eight-Legged Encounters.","Yes",1
25,"Fall 2022","participation4","Please indicate which of the following workshops and events you have attended. Select all that apply. Workshop 4: After School Clubs and Working with Youth (NOT OFFERED IN SPRING 2023).","Yes",NULL
25,"Fall 2022","participation5","Please indicate which of the following workshops and events you have attended. Select all that apply. Eight-Legged Encounters Event.","Yes",NULL
36,"All","participation1","Please indicate which of the following workshops and events you have attended. Select all that apply. Workshop 1: Overview of Science Communication ","Yes",1
36,"All","participation2","Please indicate which of the following workshops and events you have attended. Select all that apply. Workshop 2: Online Science Communication and Social Media.","Yes",1
36,"All","participation3"," Please indicate which of the following workshops and events you have attended. Select all that apply. Workshop 3: Informal Science Learning / Eight-Legged Encounters.","Yes",1
36,"All","participation4","Please indicate which of the following workshops and events you have attended. Select all that apply. Workshop 4: After School Clubs and Working with Youth (NOT OFFERED IN SPRING 2023).","Yes",1
36,"All","participation5","Please indicate which of the following workshops and events you have attended. Select all that apply. Eight-Legged Encounters Event.","Yes",1
41,"Fall 2022","participation1","Please indicate which of the following workshops and events you have attended. Select all that apply. Workshop 1: Overview of Science Communication ","Yes",1
41,"Fall 2022","participation2","Please indicate which of the following workshops and events you have attended. Select all that apply. Workshop 2: Online Science Communication and Social Media.","Yes",1
41,"Fall 2022","participation3"," Please indicate which of the following workshops and events you have attended. Select all that apply. Workshop 3: Informal Science Learning / Eight-Legged Encounters.","Yes",1
41,"Fall 2022","participation4","Please indicate which of the following workshops and events you have attended. Select all that apply. Workshop 4: After School Clubs and Working with Youth (NOT OFFERED IN SPRING 2023).","Yes",1
41,"Fall 2022","participation5","Please indicate which of the following workshops and events you have attended. Select all that apply. Eight-Legged Encounters Event.","Yes",NULL
21,"Fall 2022","participation1","Please indicate which of the following workshops and events you have attended. Select all that apply. Workshop 1: Overview of Science Communication ","Yes",1
21,"Fall 2022","participation2","Please indicate which of the following workshops and events you have attended. Select all that apply. Workshop 2: Online Science Communication and Social Media.","Yes",1
21,"Fall 2022","participation3"," Please indicate which of the following workshops and events you have attended. Select all that apply. Workshop 3: Informal Science Learning / Eight-Legged Encounters.","Yes",1
21,"Fall 2022","participation4","Please indicate which of the following workshops and events you have attended. Select all that apply. Workshop 4: After School Clubs and Working with Youth (NOT OFFERED IN SPRING 2023).","Yes",NULL
21,"Fall 2022","participation5","Please indicate which of the following workshops and events you have attended. Select all that apply. Eight-Legged Encounters Event.","Yes",NULL
14,"Fall 2022","participation1","Please indicate which of the following workshops and events you have attended. Select all that apply. Workshop 1: Overview of Science Communication ","Yes",1
14,"Fall 2022","participation2","Please indicate which of the following workshops and events you have attended. Select all that apply. Workshop 2: Online Science Communication and Social Media.","Yes",1
14,"Fall 2022","participation3"," Please indicate which of the following workshops and events you have attended. Select all that apply. Workshop 3: Informal Science Learning / Eight-Legged Encounters.","Yes",1
14,"Fall 2022","participation4","Please indicate which of the following workshops and events you have attended. Select all that apply. Workshop 4: After School Clubs and Working with Youth (NOT OFFERED IN SPRING 2023).","Yes",NULL
14,"Fall 2022","participation5","Please indicate which of the following workshops and events you have attended. Select all that apply. Eight-Legged Encounters Event.","Yes",1
67,"Fall 2022","participation1","Please indicate which of the following workshops and events you have attended. Select all that apply. Workshop 1: Overview of Science Communication ","Yes",1
67,"Fall 2022","participation2","Please indicate which of the following workshops and events you have attended. Select all that apply. Workshop 2: Online Science Communication and Social Media.","Yes",1
67,"Fall 2022","participation3"," Please indicate which of the following workshops and events you have attended. Select all that apply. Workshop 3: Informal Science Learning / Eight-Legged Encounters.","Yes",1
67,"Fall 2022","participation4","Please indicate which of the following workshops and events you have attended. Select all that apply. Workshop 4: After School Clubs and Working with Youth (NOT OFFERED IN SPRING 2023).","Yes",NULL
67,"Fall 2022","participation5","Please indicate which of the following workshops and events you have attended. Select all that apply. Eight-Legged Encounters Event.","Yes",1
106,"Fall 2022","participation1","Please indicate which of the following workshops and events you have attended. Select all that apply. Workshop 1: Overview of Science Communication ","Yes",1
106,"Fall 2022","participation2","Please indicate which of the following workshops and events you have attended. Select all that apply. Workshop 2: Online Science Communication and Social Media.","Yes",1
106,"Fall 2022","participation3"," Please indicate which of the following workshops and events you have attended. Select all that apply. Workshop 3: Informal Science Learning / Eight-Legged Encounters.","Yes",1
106,"Fall 2022","participation4","Please indicate which of the following workshops and events you have attended. Select all that apply. Workshop 4: After School Clubs and Working with Youth (NOT OFFERED IN SPRING 2023).","Yes",1
106,"Fall 2022","participation5","Please indicate which of the following workshops and events you have attended. Select all that apply. Eight-Legged Encounters Event.","Yes",NULL
86,"Spring 2023","participation1","Please indicate which of the following workshops and events you have attended. Select all that apply. Workshop 1: Overview of Science Communication ","Yes",1
86,"Spring 2023","participation2","Please indicate which of the following workshops and events you have attended. Select all that apply. Workshop 2: Online Science Communication and Social Media.","Yes",1
86,"Spring 2023","participation3"," Please indicate which of the following workshops and events you have attended. Select all that apply. Workshop 3: Informal Science Learning / Eight-Legged Encounters.","Yes",1
86,"Spring 2023","participation4","Please indicate which of the following workshops and events you have attended. Select all that apply. Workshop 4: After School Clubs and Working with Youth (NOT OFFERED IN SPRING 2023).","Yes",NULL
86,"Spring 2023","participation5","Please indicate which of the following workshops and events you have attended. Select all that apply. Eight-Legged Encounters Event.","Yes",1
35,"Spring 2023","participation1","Please indicate which of the following workshops and events you have attended. Select all that apply. Workshop 1: Overview of Science Communication ","Yes",1
35,"Spring 2023","participation2","Please indicate which of the following workshops and events you have attended. Select all that apply. Workshop 2: Online Science Communication and Social Media.","Yes",1
35,"Spring 2023","participation3"," Please indicate which of the following workshops and events you have attended. Select all that apply. Workshop 3: Informal Science Learning / Eight-Legged Encounters.","Yes",NULL
35,"Spring 2023","participation4","Please indicate which of the following workshops and events you have attended. Select all that apply. Workshop 4: After School Clubs and Working with Youth (NOT OFFERED IN SPRING 2023).","Yes",NULL
35,"Spring 2023","participation5","Please indicate which of the following workshops and events you have attended. Select all that apply. Eight-Legged Encounters Event.","Yes",1
108,"Spring 2023","participation1","Please indicate which of the following workshops and events you have attended. Select all that apply. Workshop 1: Overview of Science Communication ","Yes",1
108,"Spring 2023","participation2","Please indicate which of the following workshops and events you have attended. Select all that apply. Workshop 2: Online Science Communication and Social Media.","Yes",NULL
108,"Spring 2023","participation3"," Please indicate which of the following workshops and events you have attended. Select all that apply. Workshop 3: Informal Science Learning / Eight-Legged Encounters.","Yes",NULL
108,"Spring 2023","participation4","Please indicate which of the following workshops and events you have attended. Select all that apply. Workshop 4: After School Clubs and Working with Youth (NOT OFFERED IN SPRING 2023).","Yes",NULL
108,"Spring 2023","participation5","Please indicate which of the following workshops and events you have attended. Select all that apply. Eight-Legged Encounters Event.","Yes",NULL
72,"Spring 2023","participation1","Please indicate which of the following workshops and events you have attended. Select all that apply. Workshop 1: Overview of Science Communication ","Yes",1
72,"Spring 2023","participation2","Please indicate which of the following workshops and events you have attended. Select all that apply. Workshop 2: Online Science Communication and Social Media.","Yes",1
72,"Spring 2023","participation3"," Please indicate which of the following workshops and events you have attended. Select all that apply. Workshop 3: Informal Science Learning / Eight-Legged Encounters.","Yes",1
72,"Spring 2023","participation4","Please indicate which of the following workshops and events you have attended. Select all that apply. Workshop 4: After School Clubs and Working with Youth (NOT OFFERED IN SPRING 2023).","Yes",NULL
72,"Spring 2023","participation5","Please indicate which of the following workshops and events you have attended. Select all that apply. Eight-Legged Encounters Event.","Yes",1
52,"Spring 2023","participation1","Please indicate which of the following workshops and events you have attended. Select all that apply. Workshop 1: Overview of Science Communication ","Yes",1
52,"Spring 2023","participation2","Please indicate which of the following workshops and events you have attended. Select all that apply. Workshop 2: Online Science Communication and Social Media.","Yes",1
52,"Spring 2023","participation3"," Please indicate which of the following workshops and events you have attended. Select all that apply. Workshop 3: Informal Science Learning / Eight-Legged Encounters.","Yes",1
52,"Spring 2023","participation4","Please indicate which of the following workshops and events you have attended. Select all that apply. Workshop 4: After School Clubs and Working with Youth (NOT OFFERED IN SPRING 2023).","Yes",NULL
52,"Spring 2023","participation5","Please indicate which of the following workshops and events you have attended. Select all that apply. Eight-Legged Encounters Event.","Yes",1
46,"Spring 2023","participation1","Please indicate which of the following workshops and events you have attended. Select all that apply. Workshop 1: Overview of Science Communication ","Yes",1
46,"Spring 2023","participation2","Please indicate which of the following workshops and events you have attended. Select all that apply. Workshop 2: Online Science Communication and Social Media.","Yes",1
46,"Spring 2023","participation3"," Please indicate which of the following workshops and events you have attended. Select all that apply. Workshop 3: Informal Science Learning / Eight-Legged Encounters.","Yes",1
46,"Spring 2023","participation4","Please indicate which of the following workshops and events you have attended. Select all that apply. Workshop 4: After School Clubs and Working with Youth (NOT OFFERED IN SPRING 2023).","Yes",NULL
46,"Spring 2023","participation5","Please indicate which of the following workshops and events you have attended. Select all that apply. Eight-Legged Encounters Event.","Yes",1
88,"Spring 2023","participation1","Please indicate which of the following workshops and events you have attended. Select all that apply. Workshop 1: Overview of Science Communication ","Yes",1
88,"Spring 2023","participation2","Please indicate which of the following workshops and events you have attended. Select all that apply. Workshop 2: Online Science Communication and Social Media.","Yes",1
88,"Spring 2023","participation3"," Please indicate which of the following workshops and events you have attended. Select all that apply. Workshop 3: Informal Science Learning / Eight-Legged Encounters.","Yes",NULL
88,"Spring 2023","participation4","Please indicate which of the following workshops and events you have attended. Select all that apply. Workshop 4: After School Clubs and Working with Youth (NOT OFFERED IN SPRING 2023).","Yes",NULL
88,"Spring 2023","participation5","Please indicate which of the following workshops and events you have attended. Select all that apply. Eight-Legged Encounters Event.","Yes",1
75,"Spring 2023","participation1","Please indicate which of the following workshops and events you have attended. Select all that apply. Workshop 1: Overview of Science Communication ","Yes",1
75,"Spring 2023","participation2","Please indicate which of the following workshops and events you have attended. Select all that apply. Workshop 2: Online Science Communication and Social Media.","Yes",1
75,"Spring 2023","participation3"," Please indicate which of the following workshops and events you have attended. Select all that apply. Workshop 3: Informal Science Learning / Eight-Legged Encounters.","Yes",1
75,"Spring 2023","participation4","Please indicate which of the following workshops and events you have attended. Select all that apply. Workshop 4: After School Clubs and Working with Youth (NOT OFFERED IN SPRING 2023).","Yes",NULL
75,"Spring 2023","participation5","Please indicate which of the following workshops and events you have attended. Select all that apply. Eight-Legged Encounters Event.","Yes",NULL
51,"Spring 2023","participation1","Please indicate which of the following workshops and events you have attended. Select all that apply. Workshop 1: Overview of Science Communication ","Yes",1
51,"Spring 2023","participation2","Please indicate which of the following workshops and events you have attended. Select all that apply. Workshop 2: Online Science Communication and Social Media.","Yes",1
51,"Spring 2023","participation3"," Please indicate which of the following workshops and events you have attended. Select all that apply. Workshop 3: Informal Science Learning / Eight-Legged Encounters.","Yes",1
51,"Spring 2023","participation4","Please indicate which of the following workshops and events you have attended. Select all that apply. Workshop 4: After School Clubs and Working with Youth (NOT OFFERED IN SPRING 2023).","Yes",NULL
51,"Spring 2023","participation5","Please indicate which of the following workshops and events you have attended. Select all that apply. Eight-Legged Encounters Event.","Yes",1
4,"Spring 2023","participation1","Please indicate which of the following workshops and events you have attended. Select all that apply. Workshop 1: Overview of Science Communication ","Yes",1
4,"Spring 2023","participation2","Please indicate which of the following workshops and events you have attended. Select all that apply. Workshop 2: Online Science Communication and Social Media.","Yes",1
4,"Spring 2023","participation3"," Please indicate which of the following workshops and events you have attended. Select all that apply. Workshop 3: Informal Science Learning / Eight-Legged Encounters.","Yes",1
4,"Spring 2023","participation4","Please indicate which of the following workshops and events you have attended. Select all that apply. Workshop 4: After School Clubs and Working with Youth (NOT OFFERED IN SPRING 2023).","Yes",NULL
4,"Spring 2023","participation5","Please indicate which of the following workshops and events you have attended. Select all that apply. Eight-Legged Encounters Event.","Yes",1
36,"All","participation1","Please indicate which of the following workshops and events you have attended. Select all that apply. Workshop 1: Overview of Science Communication ","Yes",1
36,"All","participation2","Please indicate which of the following workshops and events you have attended. Select all that apply. Workshop 2: Online Science Communication and Social Media.","Yes",NULL
36,"All","participation3"," Please indicate which of the following workshops and events you have attended. Select all that apply. Workshop 3: Informal Science Learning / Eight-Legged Encounters.","Yes",1
36,"All","participation4","Please indicate which of the following workshops and events you have attended. Select all that apply. Workshop 4: After School Clubs and Working with Youth (NOT OFFERED IN SPRING 2023).","Yes",NULL
36,"All","participation5","Please indicate which of the following workshops and events you have attended. Select all that apply. Eight-Legged Encounters Event.","Yes",1
11,"Spring 2023","participation1","Please indicate which of the following workshops and events you have attended. Select all that apply. Workshop 1: Overview of Science Communication ","Yes",1
11,"Spring 2023","participation2","Please indicate which of the following workshops and events you have attended. Select all that apply. Workshop 2: Online Science Communication and Social Media.","Yes",1
11,"Spring 2023","participation3"," Please indicate which of the following workshops and events you have attended. Select all that apply. Workshop 3: Informal Science Learning / Eight-Legged Encounters.","Yes",1
11,"Spring 2023","participation4","Please indicate which of the following workshops and events you have attended. Select all that apply. Workshop 4: After School Clubs and Working with Youth (NOT OFFERED IN SPRING 2023).","Yes",NULL
11,"Spring 2023","participation5","Please indicate which of the following workshops and events you have attended. Select all that apply. Eight-Legged Encounters Event.","Yes",1
64,"Spring 2023","participation1","Please indicate which of the following workshops and events you have attended. Select all that apply. Workshop 1: Overview of Science Communication ","Yes",1
64,"Spring 2023","participation2","Please indicate which of the following workshops and events you have attended. Select all that apply. Workshop 2: Online Science Communication and Social Media.","Yes",1
64,"Spring 2023","participation3"," Please indicate which of the following workshops and events you have attended. Select all that apply. Workshop 3: Informal Science Learning / Eight-Legged Encounters.","Yes",1
64,"Spring 2023","participation4","Please indicate which of the following workshops and events you have attended. Select all that apply. Workshop 4: After School Clubs and Working with Youth (NOT OFFERED IN SPRING 2023).","Yes",NULL
64,"Spring 2023","participation5","Please indicate which of the following workshops and events you have attended. Select all that apply. Eight-Legged Encounters Event.","Yes",1
28,"Spring 2023","participation1","Please indicate which of the following workshops and events you have attended. Select all that apply. Workshop 1: Overview of Science Communication ","Yes",1
28,"Spring 2023","participation2","Please indicate which of the following workshops and events you have attended. Select all that apply. Workshop 2: Online Science Communication and Social Media.","Yes",1
28,"Spring 2023","participation3"," Please indicate which of the following workshops and events you have attended. Select all that apply. Workshop 3: Informal Science Learning / Eight-Legged Encounters.","Yes",1
28,"Spring 2023","participation4","Please indicate which of the following workshops and events you have attended. Select all that apply. Workshop 4: After School Clubs and Working with Youth (NOT OFFERED IN SPRING 2023).","Yes",NULL
28,"Spring 2023","participation5","Please indicate which of the following workshops and events you have attended. Select all that apply. Eight-Legged Encounters Event.","Yes",1
6,"Spring 2023","participation1","Please indicate which of the following workshops and events you have attended. Select all that apply. Workshop 1: Overview of Science Communication ","Yes",1
6,"Spring 2023","participation2","Please indicate which of the following workshops and events you have attended. Select all that apply. Workshop 2: Online Science Communication and Social Media.","Yes",1
6,"Spring 2023","participation3"," Please indicate which of the following workshops and events you have attended. Select all that apply. Workshop 3: Informal Science Learning / Eight-Legged Encounters.","Yes",1
6,"Spring 2023","participation4","Please indicate which of the following workshops and events you have attended. Select all that apply. Workshop 4: After School Clubs and Working with Youth (NOT OFFERED IN SPRING 2023).","Yes",NULL
6,"Spring 2023","participation5","Please indicate which of the following workshops and events you have attended. Select all that apply. Eight-Legged Encounters Event.","Yes",1
37,"Spring 2023","participation1","Please indicate which of the following workshops and events you have attended. Select all that apply. Workshop 1: Overview of Science Communication ","Yes",1
37,"Spring 2023","participation2","Please indicate which of the following workshops and events you have attended. Select all that apply. Workshop 2: Online Science Communication and Social Media.","Yes",1
37,"Spring 2023","participation3"," Please indicate which of the following workshops and events you have attended. Select all that apply. Workshop 3: Informal Science Learning / Eight-Legged Encounters.","Yes",1
37,"Spring 2023","participation4","Please indicate which of the following workshops and events you have attended. Select all that apply. Workshop 4: After School Clubs and Working with Youth (NOT OFFERED IN SPRING 2023).","Yes",NULL
37,"Spring 2023","participation5","Please indicate which of the following workshops and events you have attended. Select all that apply. Eight-Legged Encounters Event.","Yes",1
34,"Spring 2023","participation1","Please indicate which of the following workshops and events you have attended. Select all that apply. Workshop 1: Overview of Science Communication ","Yes",1
34,"Spring 2023","participation2","Please indicate which of the following workshops and events you have attended. Select all that apply. Workshop 2: Online Science Communication and Social Media.","Yes",1
34,"Spring 2023","participation3"," Please indicate which of the following workshops and events you have attended. Select all that apply. Workshop 3: Informal Science Learning / Eight-Legged Encounters.","Yes",1
34,"Spring 2023","participation4","Please indicate which of the following workshops and events you have attended. Select all that apply. Workshop 4: After School Clubs and Working with Youth (NOT OFFERED IN SPRING 2023).","Yes",NULL
34,"Spring 2023","participation5","Please indicate which of the following workshops and events you have attended. Select all that apply. Eight-Legged Encounters Event.","Yes",1
84,"Spring 2023","participation1","Please indicate which of the following workshops and events you have attended. Select all that apply. Workshop 1: Overview of Science Communication ","Yes",1
84,"Spring 2023","participation2","Please indicate which of the following workshops and events you have attended. Select all that apply. Workshop 2: Online Science Communication and Social Media.","Yes",1
84,"Spring 2023","participation3"," Please indicate which of the following workshops and events you have attended. Select all that apply. Workshop 3: Informal Science Learning / Eight-Legged Encounters.","Yes",1
84,"Spring 2023","participation4","Please indicate which of the following workshops and events you have attended. Select all that apply. Workshop 4: After School Clubs and Working with Youth (NOT OFFERED IN SPRING 2023).","Yes",NULL
84,"Spring 2023","participation5","Please indicate which of the following workshops and events you have attended. Select all that apply. Eight-Legged Encounters Event.","Yes",1
23,"Spring 2023","participation1","Please indicate which of the following workshops and events you have attended. Select all that apply. Workshop 1: Overview of Science Communication ","Yes",1
23,"Spring 2023","participation2","Please indicate which of the following workshops and events you have attended. Select all that apply. Workshop 2: Online Science Communication and Social Media.","Yes",1
23,"Spring 2023","participation3"," Please indicate which of the following workshops and events you have attended. Select all that apply. Workshop 3: Informal Science Learning / Eight-Legged Encounters.","Yes",1
23,"Spring 2023","participation4","Please indicate which of the following workshops and events you have attended. Select all that apply. Workshop 4: After School Clubs and Working with Youth (NOT OFFERED IN SPRING 2023).","Yes",NULL
23,"Spring 2023","participation5","Please indicate which of the following workshops and events you have attended. Select all that apply. Eight-Legged Encounters Event.","Yes",1
78,"Spring 2023","participation1","Please indicate which of the following workshops and events you have attended. Select all that apply. Workshop 1: Overview of Science Communication ","Yes",1
78,"Spring 2023","participation2","Please indicate which of the following workshops and events you have attended. Select all that apply. Workshop 2: Online Science Communication and Social Media.","Yes",1
78,"Spring 2023","participation3"," Please indicate which of the following workshops and events you have attended. Select all that apply. Workshop 3: Informal Science Learning / Eight-Legged Encounters.","Yes",1
78,"Spring 2023","participation4","Please indicate which of the following workshops and events you have attended. Select all that apply. Workshop 4: After School Clubs and Working with Youth (NOT OFFERED IN SPRING 2023).","Yes",NULL
78,"Spring 2023","participation5","Please indicate which of the following workshops and events you have attended. Select all that apply. Eight-Legged Encounters Event.","Yes",1
2,"Spring 2023","participation1","Please indicate which of the following workshops and events you have attended. Select all that apply. Workshop 1: Overview of Science Communication ","Yes",1
2,"Spring 2023","participation2","Please indicate which of the following workshops and events you have attended. Select all that apply. Workshop 2: Online Science Communication and Social Media.","Yes",1
2,"Spring 2023","participation3"," Please indicate which of the following workshops and events you have attended. Select all that apply. Workshop 3: Informal Science Learning / Eight-Legged Encounters.","Yes",1
2,"Spring 2023","participation4","Please indicate which of the following workshops and events you have attended. Select all that apply. Workshop 4: After School Clubs and Working with Youth (NOT OFFERED IN SPRING 2023).","Yes",NULL
2,"Spring 2023","participation5","Please indicate which of the following workshops and events you have attended. Select all that apply. Eight-Legged Encounters Event.","Yes",1
33,"Spring 2023","participation1","Please indicate which of the following workshops and events you have attended. Select all that apply. Workshop 1: Overview of Science Communication ","Yes",1
33,"Spring 2023","participation2","Please indicate which of the following workshops and events you have attended. Select all that apply. Workshop 2: Online Science Communication and Social Media.","Yes",1
33,"Spring 2023","participation3"," Please indicate which of the following workshops and events you have attended. Select all that apply. Workshop 3: Informal Science Learning / Eight-Legged Encounters.","Yes",1
33,"Spring 2023","participation4","Please indicate which of the following workshops and events you have attended. Select all that apply. Workshop 4: After School Clubs and Working with Youth (NOT OFFERED IN SPRING 2023).","Yes",NULL
33,"Spring 2023","participation5","Please indicate which of the following workshops and events you have attended. Select all that apply. Eight-Legged Encounters Event.","Yes",1
89,"Spring 2023","participation1","Please indicate which of the following workshops and events you have attended. Select all that apply. Workshop 1: Overview of Science Communication ","Yes",1
89,"Spring 2023","participation2","Please indicate which of the following workshops and events you have attended. Select all that apply. Workshop 2: Online Science Communication and Social Media.","Yes",1
89,"Spring 2023","participation3"," Please indicate which of the following workshops and events you have attended. Select all that apply. Workshop 3: Informal Science Learning / Eight-Legged Encounters.","Yes",1
89,"Spring 2023","participation4","Please indicate which of the following workshops and events you have attended. Select all that apply. Workshop 4: After School Clubs and Working with Youth (NOT OFFERED IN SPRING 2023).","Yes",1
89,"Spring 2023","participation5","Please indicate which of the following workshops and events you have attended. Select all that apply. Eight-Legged Encounters Event.","Yes",1
63,"Spring 2023","participation1","Please indicate which of the following workshops and events you have attended. Select all that apply. Workshop 1: Overview of Science Communication ","Yes",1
63,"Spring 2023","participation2","Please indicate which of the following workshops and events you have attended. Select all that apply. Workshop 2: Online Science Communication and Social Media.","Yes",1
63,"Spring 2023","participation3"," Please indicate which of the following workshops and events you have attended. Select all that apply. Workshop 3: Informal Science Learning / Eight-Legged Encounters.","Yes",1
63,"Spring 2023","participation4","Please indicate which of the following workshops and events you have attended. Select all that apply. Workshop 4: After School Clubs and Working with Youth (NOT OFFERED IN SPRING 2023).","Yes",NULL
63,"Spring 2023","participation5","Please indicate which of the following workshops and events you have attended. Select all that apply. Eight-Legged Encounters Event.","Yes",1
